{"uuids": {"phone_id": "9c918010-03d7-4198-897f-fecc1146456c", "uuid": "90859f02-946e-460a-8903-33a16b0b4f4a", "client_session_id": "74cc40fb-d02e-4342-8e90-3da4df162858", "advertising_id": "2604148d-0cab-4dd1-9bd7-39455c73781c", "device_id": "android-8c398ac0b0c65863"}, "cookie": {"csrftoken": "fCewKwqXhcrQqkPDCmQpeIiUAPqKkKxy", "ds_user": "rakshak13", "ds_user_id": "39665815775", "ig_direct_region_hint": "FRC", "igfl": "rakshak13", "is_starred_enabled": "yes", "mid": "XyeXOwABAAEEFeVD54tr2EaOoZeG", "rur": "ATN", "sessionid": "39665815775%3AQ0aEkRBntm4pSp%3A27", "urlgen": "\"{146.196.32.167: 133982}:1k2X1s:wxQi-1lQf9Fg6DZnDcOs6Cdb_Z8\""}, "timing_value": {"last_login": 1596447566.377648, "last_experiments": 1596447910.2606058}, "device_settings": {"app_version": "117.0.0.28.123", "android_version": "28", "android_release": "9.0", "dpi": "420dpi", "resolution": "1080x1920", "manufacturer": "OnePlus", "device": "ONEPLUS A3003", "model": "OnePlus3", "cpu": "qcom", "version_code": "180322800"}, "user_agent": "Instagram 117.0.0.28.123 Android (28/9.0; 420dpi; 1080x1920; OnePlus; ONEPLUS A3003; OnePlus3; qcom; en_US; 180322800)"}